立场,回答6
顾客,促销
顾客,促销
顾客,促销
顾客,促销
顾客,促销
顾客,促销
顾客,促销
顾客,促销
顾客,促销
顾客,促销
顾客,促销
顾客,促销
顾客,促销
顾客,促销
顾客,促销
顾客,促销
顾客,促销
顾客,促销
顾客,促销
顾客,促销
顾客,促销
顾客,促销
顾客,促销
顾客,促销
顾客,促销
顾客,促销
顾客,促销
顾客,促销
顾客,促销
顾客,促销
顾客,促销
顾客,促销
顾客,促销
顾客,促销
顾客,促销
顾客,促销
顾客,促销
顾客,促销
顾客,促销
顾客,商品齐全
顾客,商品齐全
顾客,商品齐全
顾客,商品齐全
顾客,商品齐全
顾客,商品齐全
顾客,商品齐全
顾客,商品齐全
顾客,商品齐全
顾客,商品齐全
顾客,商品齐全
顾客,商品齐全
顾客,商品齐全
顾客,商品齐全
顾客,商品齐全
顾客,商品齐全
顾客,商品齐全
顾客,商品齐全
顾客,服务态度好
顾客,服务态度好
顾客,服务态度好
顾客,服务态度好
顾客,服务态度好
顾客,服务态度好
顾客,服务态度好
顾客,服务态度好
顾客,服务态度好
顾客,服务态度好
顾客,服务态度好
顾客,服务态度好
顾客,服务态度好
顾客,服务态度好
顾客,服务态度好
顾客,服务态度好
顾客,服务态度好
顾客,服务态度好
顾客,服务态度好
顾客,服务态度好
顾客,服务态度好
顾客,服务态度好
顾客,服务态度好
顾客,服务态度好
顾客,服务态度好
顾客,服务态度好
顾客,服务态度好
顾客,服务态度好
顾客,服务态度好
顾客,服务态度好
顾客,服务态度好
顾客,服务态度好
顾客,服务态度好
顾客,服务态度好
顾客,服务态度好
顾客,活动
顾客,活动
顾客,活动
顾客,活动
顾客,活动
顾客,活动
顾客,活动
顾客,活动
顾客,活动
顾客,活动
顾客,活动
店主,促销
店主,促销
店主,促销
店主,促销
店主,促销
店主,促销
店主,促销
店主,促销
店主,促销
店主,促销
店主,促销
店主,商品齐全
店主,商品齐全
店主,商品齐全
店主,商品齐全
店主,商品齐全
店主,商品齐全
店主,商品齐全
店主,商品齐全
店主,商品齐全
店主,商品齐全
店主,商品齐全
店主,商品齐全
店主,商品齐全
店主,商品齐全
店主,商品齐全
店主,商品齐全
店主,商品齐全
店主,商品齐全
店主,商品齐全
店主,商品齐全
店主,商品齐全
店主,商品齐全
店主,商品齐全
店主,商品齐全
店主,商品齐全
店主,商品齐全
店主,商品齐全
店主,商品齐全
店主,商品齐全
店主,商品齐全
店主,商品齐全
店主,商品齐全
店主,商品齐全
店主,商品齐全
店主,商品齐全
店主,商品齐全
店主,商品齐全
店主,商品齐全
店主,商品齐全
店主,商品齐全
店主,商品齐全
店主,商品齐全
店主,服务态度好
店主,服务态度好
店主,服务态度好
店主,服务态度好
店主,服务态度好
店主,服务态度好
店主,服务态度好
店主,服务态度好
店主,服务态度好
店主,活动
店主,活动
店主,活动
店主,活动
店主,活动
店主,活动
店主,活动
店主,活动
店主,活动
店主,活动
店主,活动
店主,活动
店主,活动
店主,活动
店主,活动
店主,活动
店主,活动
店主,活动
店主,活动
店主,活动
店主,活动
店主,活动
店主,活动
店主,活动
店主,活动
店主,活动
店主,活动
店主,活动
店主,活动
店主,活动
店主,活动
店主,活动
店主,活动
店主,活动
店主,活动
店主,活动
店主,活动
店主,活动
